kode_tim_kerja,nama_tim_kerja,icon_tim_kerja,tahun,nip_ketua_tim
2024s101,Umum,"<i class=""fa-solid fa-briefcase fa-xl""></i>",2024,
2024s102,Statistik Sosial,"<i class=""fa-solid fa-people-group fa-xl""></i>",2024,
2024s103,"Statistik Harga, Distribusi dan Jasa","<i class=""fa-solid fa-truck-plane fa-xl""></i>",2024,
2024s104,Statistik Produksi,"<i class=""fa-solid fa-seedling fa-xl""></i>",2024,
2024s105,Pengolahan dan TI,"<i class=""fa-solid fa-computer fa-xl""></i>",2024,
2024s106,Neraca Wilayah dan Analisis,"<i class=""fa-solid fa-scale-balanced fa-xl""></i>",2024,
2024s107,Diseminasi Statistik,"<i class=""fa-solid fa-comments fa-xl""></i>",2024,
2024s108,Transformasi dan Budaya Organisasi,"<i class=""fa-solid fa-shuffle fa-xl""></i>",2024,
2024s109,Pembinaan Statistik Sektoral,"<i class=""fa-solid fa-handshake fa-xl""></i>",2024,
2025s101,Umum,"<i class=""fa-solid fa-briefcase fa-xl""></i>",2025,
2025s102,Statistik Sosial,"<i class=""fa-solid fa-people-group fa-xl""></i>",2025,
2025s103,"Statistik Harga, Distribusi dan Jasa","<i class=""fa-solid fa-truck-plane fa-xl""></i>",2025,
2025s104,Statistik Produksi,"<i class=""fa-solid fa-seedling fa-xl""></i>",2025,
2025s105,"Metodologi, Pengolahan, Infrastruktur dan Inovasi Digital","<i class=""fa-solid fa-computer fa-xl""></i>",2025,
2025s106,Neraca Wilayah dan Analisis,"<i class=""fa-solid fa-scale-balanced fa-xl""></i>",2025,
2025s107,Diseminasi dan Pelayanan Statistik,"<i class=""fa-solid fa-comments fa-xl""></i>",2025,
2026s101,Umum,"<i class=""fa-solid fa-briefcase fa-xl""></i>",2026,197405171996121001
2026s102,Statistik Sosial,"<i class=""fa-solid fa-people-group fa-xl""></i>",2026,196712291991121001
2026s103,"Statistik Harga, Distribusi dan Jasa","<i class=""fa-solid fa-truck-plane fa-xl""></i>",2026,198410312008011005
2026s104,Statistik Produksi,"<i class=""fa-solid fa-seedling fa-xl""></i>",2026,198306042006021003
2026s105,Metodologi dan Sistem Informasi Statistik,"<i class=""fa-solid fa-computer fa-xl""></i>",2026,197307011995121001
2026s106,Neraca Wilayah dan Analisis,"<i class=""fa-solid fa-scale-balanced fa-xl""></i>",2026,198605172008012002
2026s107,"Diseminasi, Pemberdayaan, dan Evaluasi Penyelenggaraan Statistik","<i class=""fa-solid fa-comments fa-xl""></i>",2026,198504142009021005